mig_uuid,mig_name,model,batch,seq_len,dtype,engine,time_ms_mean,time_ms_p50,time_ms_p90,peak_alloc_mb,peak_reserved_mb,free_mb_before,free_mb_after
MIG-c32617f2-2c83-556f-bad7-229e3728d6f3,NVIDIA A100-PCIE-40GB MIG 1g.5gb,bert-base-uncased,1,16,bf16,hf,7.1912,7.1710,7.3355,225.48,230.00,4542.00,4512.00
MIG-c32617f2-2c83-556f-bad7-229e3728d6f3,NVIDIA A100-PCIE-40GB MIG 1g.5gb,bert-base-uncased,1,32,bf16,hf,7.4110,7.2134,7.3602,225.83,230.00,4512.00,4512.00
MIG-c32617f2-2c83-556f-bad7-229e3728d6f3,NVIDIA A100-PCIE-40GB MIG 1g.5gb,bert-base-uncased,1,64,bf16,hf,7.1423,7.1295,7.2683,226.53,232.00,4512.00,4510.00
MIG-c32617f2-2c83-556f-bad7-229e3728d6f3,NVIDIA A100-PCIE-40GB MIG 1g.5gb,bert-base-uncased,1,128,bf16,hf,7.4821,7.3482,7.8913,227.94,232.00,4510.00,4510.00
MIG-c32617f2-2c83-556f-bad7-229e3728d6f3,NVIDIA A100-PCIE-40GB MIG 1g.5gb,bert-base-uncased,1,256,bf16,hf,7.3874,7.3210,7.4684,230.76,254.00,4510.00,4488.00
MIG-c32617f2-2c83-556f-bad7-229e3728d6f3,NVIDIA A100-PCIE-40GB MIG 1g.5gb,bert-base-uncased,1,512,bf16,hf,7.3500,7.3383,7.4112,236.39,254.00,4488.00,4488.00
MIG-c32617f2-2c83-556f-bad7-229e3728d6f3,NVIDIA A100-PCIE-40GB MIG 1g.5gb,bert-base-uncased,2,16,bf16,hf,7.3226,7.3121,7.4275,225.83,254.00,4488.00,4488.00
MIG-c32617f2-2c83-556f-bad7-229e3728d6f3,NVIDIA A100-PCIE-40GB MIG 1g.5gb,bert-base-uncased,2,32,bf16,hf,7.1978,7.1500,7.3148,226.53,254.00,4488.00,4488.00
MIG-c32617f2-2c83-556f-bad7-229e3728d6f3,NVIDIA A100-PCIE-40GB MIG 1g.5gb,bert-base-uncased,2,64,bf16,hf,7.2512,7.1702,7.5153,227.94,254.00,4488.00,4488.00
MIG-c32617f2-2c83-556f-bad7-229e3728d6f3,NVIDIA A100-PCIE-40GB MIG 1g.5gb,bert-base-uncased,2,128,bf16,hf,7.4042,7.3571,7.5313,230.76,254.00,4488.00,4488.00
MIG-c32617f2-2c83-556f-bad7-229e3728d6f3,NVIDIA A100-PCIE-40GB MIG 1g.5gb,bert-base-uncased,2,256,bf16,hf,7.8236,7.7686,8.1032,236.39,254.00,4488.00,4488.00
MIG-c32617f2-2c83-556f-bad7-229e3728d6f3,NVIDIA A100-PCIE-40GB MIG 1g.5gb,bert-base-uncased,2,512,bf16,hf,12.6802,12.6752,12.7095,247.65,274.00,4488.00,4468.00
MIG-c32617f2-2c83-556f-bad7-229e3728d6f3,NVIDIA A100-PCIE-40GB MIG 1g.5gb,bert-base-uncased,4,16,bf16,hf,7.1303,7.1002,7.2258,226.53,274.00,4468.00,4468.00
MIG-c32617f2-2c83-556f-bad7-229e3728d6f3,NVIDIA A100-PCIE-40GB MIG 1g.5gb,bert-base-uncased,4,32,bf16,hf,7.2496,7.2573,7.3604,227.94,274.00,4468.00,4468.00
MIG-c32617f2-2c83-556f-bad7-229e3728d6f3,NVIDIA A100-PCIE-40GB MIG 1g.5gb,bert-base-uncased,4,64,bf16,hf,7.3386,7.3021,7.5146,230.76,274.00,4468.00,4468.00
MIG-c32617f2-2c83-556f-bad7-229e3728d6f3,NVIDIA A100-PCIE-40GB MIG 1g.5gb,bert-base-uncased,4,128,bf16,hf,7.3285,7.2940,7.5080,236.39,274.00,4468.00,4468.00
MIG-c32617f2-2c83-556f-bad7-229e3728d6f3,NVIDIA A100-PCIE-40GB MIG 1g.5gb,bert-base-uncased,4,256,bf16,hf,12.3801,12.3818,12.4067,247.65,274.00,4468.00,4468.00
MIG-c32617f2-2c83-556f-bad7-229e3728d6f3,NVIDIA A100-PCIE-40GB MIG 1g.5gb,bert-base-uncased,4,512,bf16,hf,24.2371,24.2229,24.2876,270.17,306.00,4468.00,4436.00
MIG-c32617f2-2c83-556f-bad7-229e3728d6f3,NVIDIA A100-PCIE-40GB MIG 1g.5gb,bert-base-uncased,8,16,bf16,hf,7.2948,7.2826,7.4340,227.94,306.00,4436.00,4436.00
MIG-c32617f2-2c83-556f-bad7-229e3728d6f3,NVIDIA A100-PCIE-40GB MIG 1g.5gb,bert-base-uncased,8,32,bf16,hf,7.3859,7.3340,7.5941,230.76,306.00,4436.00,4436.00
MIG-c32617f2-2c83-556f-bad7-229e3728d6f3,NVIDIA A100-PCIE-40GB MIG 1g.5gb,bert-base-uncased,8,64,bf16,hf,7.2944,7.2793,7.3884,236.39,306.00,4436.00,4436.00
MIG-c32617f2-2c83-556f-bad7-229e3728d6f3,NVIDIA A100-PCIE-40GB MIG 1g.5gb,bert-base-uncased,8,128,bf16,hf,12.2896,12.2862,12.3210,247.65,306.00,4436.00,4436.00
MIG-c32617f2-2c83-556f-bad7-229e3728d6f3,NVIDIA A100-PCIE-40GB MIG 1g.5gb,bert-base-uncased,8,256,bf16,hf,23.5517,23.5522,23.5688,270.17,306.00,4436.00,4436.00
MIG-c32617f2-2c83-556f-bad7-229e3728d6f3,NVIDIA A100-PCIE-40GB MIG 1g.5gb,bert-base-uncased,8,512,bf16,hf,46.6692,46.6631,46.6960,315.22,378.00,4436.00,4364.00
MIG-c32617f2-2c83-556f-bad7-229e3728d6f3,NVIDIA A100-PCIE-40GB MIG 1g.5gb,bert-base-uncased,16,16,bf16,hf,7.7820,7.7308,7.9600,230.76,378.00,4364.00,4364.00
MIG-c32617f2-2c83-556f-bad7-229e3728d6f3,NVIDIA A100-PCIE-40GB MIG 1g.5gb,bert-base-uncased,16,32,bf16,hf,7.4929,7.4847,7.5351,236.39,378.00,4364.00,4364.00
MIG-c32617f2-2c83-556f-bad7-229e3728d6f3,NVIDIA A100-PCIE-40GB MIG 1g.5gb,bert-base-uncased,16,64,bf16,hf,12.5356,12.5319,12.5612,247.65,378.00,4364.00,4364.00
MIG-c32617f2-2c83-556f-bad7-229e3728d6f3,NVIDIA A100-PCIE-40GB MIG 1g.5gb,bert-base-uncased,16,128,bf16,hf,23.3495,23.3447,23.3709,270.17,378.00,4364.00,4364.00
MIG-c32617f2-2c83-556f-bad7-229e3728d6f3,NVIDIA A100-PCIE-40GB MIG 1g.5gb,bert-base-uncased,16,256,bf16,hf,45.2963,45.2897,45.3221,315.22,378.00,4364.00,4364.00
MIG-c32617f2-2c83-556f-bad7-229e3728d6f3,NVIDIA A100-PCIE-40GB MIG 1g.5gb,bert-base-uncased,16,512,bf16,hf,87.9556,87.9387,88.0422,405.31,522.00,4364.00,4220.00
MIG-c32617f2-2c83-556f-bad7-229e3728d6f3,NVIDIA A100-PCIE-40GB MIG 1g.5gb,bert-base-uncased,32,16,bf16,hf,8.0570,8.0458,8.0814,236.39,522.00,4220.00,4220.00
MIG-c32617f2-2c83-556f-bad7-229e3728d6f3,NVIDIA A100-PCIE-40GB MIG 1g.5gb,bert-base-uncased,32,32,bf16,hf,13.0913,13.0896,13.1323,247.65,522.00,4220.00,4220.00
MIG-c32617f2-2c83-556f-bad7-229e3728d6f3,NVIDIA A100-PCIE-40GB MIG 1g.5gb,bert-base-uncased,32,64,bf16,hf,23.7692,23.7669,23.7927,270.17,522.00,4220.00,4220.00
MIG-c32617f2-2c83-556f-bad7-229e3728d6f3,NVIDIA A100-PCIE-40GB MIG 1g.5gb,bert-base-uncased,32,128,bf16,hf,44.9181,44.9154,44.9310,315.22,522.00,4220.00,4220.00
MIG-c32617f2-2c83-556f-bad7-229e3728d6f3,NVIDIA A100-PCIE-40GB MIG 1g.5gb,bert-base-uncased,32,256,bf16,hf,85.1433,85.1248,85.2101,405.31,522.00,4220.00,4220.00
MIG-c32617f2-2c83-556f-bad7-229e3728d6f3,NVIDIA A100-PCIE-40GB MIG 1g.5gb,bert-base-uncased,32,512,bf16,hf,178.9613,178.9529,179.0022,585.50,858.00,4220.00,3884.00
MIG-41494cc9-8ea6-56db-972e-a67bf4756eb1,NVIDIA A100-PCIE-40GB MIG 3g.20gb,bert-base-uncased,1,16,bf16,hf,5.8584,5.8319,5.9912,225.48,230.00,19519.88,19469.88
MIG-41494cc9-8ea6-56db-972e-a67bf4756eb1,NVIDIA A100-PCIE-40GB MIG 3g.20gb,bert-base-uncased,1,32,bf16,hf,5.8786,5.8849,5.9920,225.83,230.00,19469.88,19469.88
MIG-41494cc9-8ea6-56db-972e-a67bf4756eb1,NVIDIA A100-PCIE-40GB MIG 3g.20gb,bert-base-uncased,1,64,bf16,hf,5.9146,5.9132,6.0432,226.53,232.00,19469.88,19467.88
MIG-41494cc9-8ea6-56db-972e-a67bf4756eb1,NVIDIA A100-PCIE-40GB MIG 3g.20gb,bert-base-uncased,1,128,bf16,hf,5.8964,5.8977,6.0138,227.94,232.00,19467.88,19467.88
MIG-41494cc9-8ea6-56db-972e-a67bf4756eb1,NVIDIA A100-PCIE-40GB MIG 3g.20gb,bert-base-uncased,1,256,bf16,hf,5.8547,5.8448,6.0391,230.76,254.00,19467.88,19445.88
MIG-41494cc9-8ea6-56db-972e-a67bf4756eb1,NVIDIA A100-PCIE-40GB MIG 3g.20gb,bert-base-uncased,1,512,bf16,hf,5.9715,5.9622,6.1280,236.39,254.00,19445.88,19445.88
MIG-41494cc9-8ea6-56db-972e-a67bf4756eb1,NVIDIA A100-PCIE-40GB MIG 3g.20gb,bert-base-uncased,2,16,bf16,hf,5.9217,5.9273,6.0678,225.83,254.00,19445.88,19445.88
MIG-41494cc9-8ea6-56db-972e-a67bf4756eb1,NVIDIA A100-PCIE-40GB MIG 3g.20gb,bert-base-uncased,2,32,bf16,hf,5.9323,5.9030,6.0252,226.53,254.00,19445.88,19445.88
MIG-41494cc9-8ea6-56db-972e-a67bf4756eb1,NVIDIA A100-PCIE-40GB MIG 3g.20gb,bert-base-uncased,2,64,bf16,hf,5.8942,5.8954,5.9969,227.94,254.00,19445.88,19445.88
MIG-41494cc9-8ea6-56db-972e-a67bf4756eb1,NVIDIA A100-PCIE-40GB MIG 3g.20gb,bert-base-uncased,2,128,bf16,hf,5.8451,5.8279,5.9487,230.76,254.00,19445.88,19445.88
MIG-41494cc9-8ea6-56db-972e-a67bf4756eb1,NVIDIA A100-PCIE-40GB MIG 3g.20gb,bert-base-uncased,2,256,bf16,hf,5.9525,5.9233,6.0764,236.39,254.00,19445.88,19445.88
MIG-41494cc9-8ea6-56db-972e-a67bf4756eb1,NVIDIA A100-PCIE-40GB MIG 3g.20gb,bert-base-uncased,2,512,bf16,hf,5.9554,5.9375,6.0539,247.65,274.00,19445.88,19425.88
MIG-41494cc9-8ea6-56db-972e-a67bf4756eb1,NVIDIA A100-PCIE-40GB MIG 3g.20gb,bert-base-uncased,4,16,bf16,hf,5.9481,5.8294,6.0406,226.53,274.00,19425.88,19425.88
MIG-41494cc9-8ea6-56db-972e-a67bf4756eb1,NVIDIA A100-PCIE-40GB MIG 3g.20gb,bert-base-uncased,4,32,bf16,hf,5.8541,5.8447,5.9656,227.94,274.00,19425.88,19425.88
MIG-41494cc9-8ea6-56db-972e-a67bf4756eb1,NVIDIA A100-PCIE-40GB MIG 3g.20gb,bert-base-uncased,4,64,bf16,hf,5.8279,5.8296,5.9374,230.76,274.00,19425.88,19425.88
MIG-41494cc9-8ea6-56db-972e-a67bf4756eb1,NVIDIA A100-PCIE-40GB MIG 3g.20gb,bert-base-uncased,4,128,bf16,hf,5.9730,5.9695,6.0739,236.39,274.00,19425.88,19425.88
MIG-41494cc9-8ea6-56db-972e-a67bf4756eb1,NVIDIA A100-PCIE-40GB MIG 3g.20gb,bert-base-uncased,4,256,bf16,hf,5.9303,5.9268,6.0252,247.65,274.00,19425.88,19425.88
MIG-41494cc9-8ea6-56db-972e-a67bf4756eb1,NVIDIA A100-PCIE-40GB MIG 3g.20gb,bert-base-uncased,4,512,bf16,hf,8.1705,8.1597,8.2154,270.17,306.00,19425.88,19393.88
MIG-41494cc9-8ea6-56db-972e-a67bf4756eb1,NVIDIA A100-PCIE-40GB MIG 3g.20gb,bert-base-uncased,8,16,bf16,hf,5.8990,5.8925,6.0151,227.94,306.00,19393.88,19393.88
MIG-41494cc9-8ea6-56db-972e-a67bf4756eb1,NVIDIA A100-PCIE-40GB MIG 3g.20gb,bert-base-uncased,8,32,bf16,hf,5.8212,5.8127,5.9140,230.76,306.00,19393.88,19393.88
MIG-41494cc9-8ea6-56db-972e-a67bf4756eb1,NVIDIA A100-PCIE-40GB MIG 3g.20gb,bert-base-uncased,8,64,bf16,hf,6.0238,6.0211,6.1264,236.39,306.00,19393.88,19393.88
MIG-41494cc9-8ea6-56db-972e-a67bf4756eb1,NVIDIA A100-PCIE-40GB MIG 3g.20gb,bert-base-uncased,8,128,bf16,hf,6.0015,5.9937,6.1387,247.65,306.00,19393.88,19393.88
MIG-41494cc9-8ea6-56db-972e-a67bf4756eb1,NVIDIA A100-PCIE-40GB MIG 3g.20gb,bert-base-uncased,8,256,bf16,hf,7.9643,7.9369,7.9566,270.17,306.00,19393.88,19393.88
MIG-41494cc9-8ea6-56db-972e-a67bf4756eb1,NVIDIA A100-PCIE-40GB MIG 3g.20gb,bert-base-uncased,8,512,bf16,hf,15.5023,15.4992,15.5124,315.22,378.00,19393.88,19321.88
MIG-41494cc9-8ea6-56db-972e-a67bf4756eb1,NVIDIA A100-PCIE-40GB MIG 3g.20gb,bert-base-uncased,16,16,bf16,hf,5.8654,5.8528,5.9996,230.76,378.00,19321.88,19321.88
MIG-41494cc9-8ea6-56db-972e-a67bf4756eb1,NVIDIA A100-PCIE-40GB MIG 3g.20gb,bert-base-uncased,16,32,bf16,hf,5.8379,5.8283,5.9263,236.39,378.00,19321.88,19321.88
MIG-41494cc9-8ea6-56db-972e-a67bf4756eb1,NVIDIA A100-PCIE-40GB MIG 3g.20gb,bert-base-uncased,16,64,bf16,hf,6.0382,5.9143,6.4337,247.65,378.00,19321.88,19321.88
MIG-41494cc9-8ea6-56db-972e-a67bf4756eb1,NVIDIA A100-PCIE-40GB MIG 3g.20gb,bert-base-uncased,16,128,bf16,hf,7.8342,7.8277,7.8891,270.17,378.00,19321.88,19321.88
MIG-41494cc9-8ea6-56db-972e-a67bf4756eb1,NVIDIA A100-PCIE-40GB MIG 3g.20gb,bert-base-uncased,16,256,bf16,hf,14.9852,14.9819,14.9994,315.22,378.00,19321.88,19321.88
MIG-41494cc9-8ea6-56db-972e-a67bf4756eb1,NVIDIA A100-PCIE-40GB MIG 3g.20gb,bert-base-uncased,16,512,bf16,hf,28.1512,28.1383,28.1756,405.31,522.00,19321.88,19177.88
MIG-41494cc9-8ea6-56db-972e-a67bf4756eb1,NVIDIA A100-PCIE-40GB MIG 3g.20gb,bert-base-uncased,32,16,bf16,hf,6.0874,6.0957,6.2016,236.39,522.00,19177.88,19177.88
MIG-41494cc9-8ea6-56db-972e-a67bf4756eb1,NVIDIA A100-PCIE-40GB MIG 3g.20gb,bert-base-uncased,32,32,bf16,hf,5.9821,5.9805,6.1011,247.65,522.00,19177.88,19177.88
MIG-41494cc9-8ea6-56db-972e-a67bf4756eb1,NVIDIA A100-PCIE-40GB MIG 3g.20gb,bert-base-uncased,32,64,bf16,hf,8.0477,8.0287,8.1630,270.17,522.00,19177.88,19177.88
MIG-41494cc9-8ea6-56db-972e-a67bf4756eb1,NVIDIA A100-PCIE-40GB MIG 3g.20gb,bert-base-uncased,32,128,bf16,hf,14.8393,14.8358,14.8590,315.22,522.00,19177.88,19177.88
MIG-41494cc9-8ea6-56db-972e-a67bf4756eb1,NVIDIA A100-PCIE-40GB MIG 3g.20gb,bert-base-uncased,32,256,bf16,hf,27.1274,27.1172,27.1767,405.31,522.00,19177.88,19177.88
MIG-41494cc9-8ea6-56db-972e-a67bf4756eb1,NVIDIA A100-PCIE-40GB MIG 3g.20gb,bert-base-uncased,32,512,bf16,hf,53.4470,53.4390,53.4675,585.50,858.00,19177.88,18841.88
MIG-1a75a8f0-faee-5efd-9beb-dac65af9c0b5,NVIDIA A100-PCIE-40GB MIG 2g.10gb,bert-base-uncased,1,16,bf16,hf,5.7669,5.7634,5.8511,225.48,230.00,9470.94,9430.94
MIG-1a75a8f0-faee-5efd-9beb-dac65af9c0b5,NVIDIA A100-PCIE-40GB MIG 2g.10gb,bert-base-uncased,1,32,bf16,hf,5.9077,5.8969,6.0260,225.83,230.00,9430.94,9430.94
MIG-1a75a8f0-faee-5efd-9beb-dac65af9c0b5,NVIDIA A100-PCIE-40GB MIG 2g.10gb,bert-base-uncased,1,64,bf16,hf,6.0333,5.9330,6.4190,226.53,232.00,9430.94,9428.94
MIG-1a75a8f0-faee-5efd-9beb-dac65af9c0b5,NVIDIA A100-PCIE-40GB MIG 2g.10gb,bert-base-uncased,1,128,bf16,hf,5.8126,5.8012,5.9585,227.94,232.00,9428.94,9428.94
MIG-1a75a8f0-faee-5efd-9beb-dac65af9c0b5,NVIDIA A100-PCIE-40GB MIG 2g.10gb,bert-base-uncased,1,256,bf16,hf,5.8115,5.8045,5.9240,230.76,254.00,9428.94,9406.94
MIG-1a75a8f0-faee-5efd-9beb-dac65af9c0b5,NVIDIA A100-PCIE-40GB MIG 2g.10gb,bert-base-uncased,1,512,bf16,hf,5.9796,5.9795,6.0840,236.39,254.00,9406.94,9406.94
MIG-1a75a8f0-faee-5efd-9beb-dac65af9c0b5,NVIDIA A100-PCIE-40GB MIG 2g.10gb,bert-base-uncased,2,16,bf16,hf,5.9626,5.9270,6.0493,225.83,254.00,9406.94,9406.94
MIG-1a75a8f0-faee-5efd-9beb-dac65af9c0b5,NVIDIA A100-PCIE-40GB MIG 2g.10gb,bert-base-uncased,2,32,bf16,hf,5.8458,5.8314,5.9390,226.53,254.00,9406.94,9406.94
MIG-1a75a8f0-faee-5efd-9beb-dac65af9c0b5,NVIDIA A100-PCIE-40GB MIG 2g.10gb,bert-base-uncased,2,64,bf16,hf,5.7837,5.7601,5.9077,227.94,254.00,9406.94,9406.94
MIG-1a75a8f0-faee-5efd-9beb-dac65af9c0b5,NVIDIA A100-PCIE-40GB MIG 2g.10gb,bert-base-uncased,2,128,bf16,hf,5.9317,5.9340,6.0338,230.76,254.00,9406.94,9406.94
MIG-1a75a8f0-faee-5efd-9beb-dac65af9c0b5,NVIDIA A100-PCIE-40GB MIG 2g.10gb,bert-base-uncased,2,256,bf16,hf,6.0436,6.0639,6.1294,236.39,254.00,9406.94,9406.94
MIG-1a75a8f0-faee-5efd-9beb-dac65af9c0b5,NVIDIA A100-PCIE-40GB MIG 2g.10gb,bert-base-uncased,2,512,bf16,hf,6.6669,6.6641,6.7080,247.65,274.00,9406.94,9386.94
MIG-1a75a8f0-faee-5efd-9beb-dac65af9c0b5,NVIDIA A100-PCIE-40GB MIG 2g.10gb,bert-base-uncased,4,16,bf16,hf,6.1048,6.0091,6.1924,226.53,274.00,9386.94,9386.94
MIG-1a75a8f0-faee-5efd-9beb-dac65af9c0b5,NVIDIA A100-PCIE-40GB MIG 2g.10gb,bert-base-uncased,4,32,bf16,hf,5.8474,5.8433,5.9454,227.94,274.00,9386.94,9386.94
MIG-1a75a8f0-faee-5efd-9beb-dac65af9c0b5,NVIDIA A100-PCIE-40GB MIG 2g.10gb,bert-base-uncased,4,64,bf16,hf,5.8834,5.8932,6.0073,230.76,274.00,9386.94,9386.94
MIG-1a75a8f0-faee-5efd-9beb-dac65af9c0b5,NVIDIA A100-PCIE-40GB MIG 2g.10gb,bert-base-uncased,4,128,bf16,hf,6.0418,5.9947,6.2294,236.39,274.00,9386.94,9386.94
MIG-1a75a8f0-faee-5efd-9beb-dac65af9c0b5,NVIDIA A100-PCIE-40GB MIG 2g.10gb,bert-base-uncased,4,256,bf16,hf,6.5061,6.4632,6.6629,247.65,274.00,9386.94,9386.94
MIG-1a75a8f0-faee-5efd-9beb-dac65af9c0b5,NVIDIA A100-PCIE-40GB MIG 2g.10gb,bert-base-uncased,4,512,bf16,hf,12.2062,12.1921,12.2581,270.17,306.00,9386.94,9354.94
MIG-1a75a8f0-faee-5efd-9beb-dac65af9c0b5,NVIDIA A100-PCIE-40GB MIG 2g.10gb,bert-base-uncased,8,16,bf16,hf,5.7116,5.6961,5.7936,227.94,306.00,9354.94,9354.94
MIG-1a75a8f0-faee-5efd-9beb-dac65af9c0b5,NVIDIA A100-PCIE-40GB MIG 2g.10gb,bert-base-uncased,8,32,bf16,hf,5.7789,5.7674,5.8927,230.76,306.00,9354.94,9354.94
MIG-1a75a8f0-faee-5efd-9beb-dac65af9c0b5,NVIDIA A100-PCIE-40GB MIG 2g.10gb,bert-base-uncased,8,64,bf16,hf,5.8995,5.8675,6.0242,236.39,306.00,9354.94,9354.94
MIG-1a75a8f0-faee-5efd-9beb-dac65af9c0b5,NVIDIA A100-PCIE-40GB MIG 2g.10gb,bert-base-uncased,8,128,bf16,hf,6.4747,6.3928,6.4157,247.65,306.00,9354.94,9354.94
MIG-1a75a8f0-faee-5efd-9beb-dac65af9c0b5,NVIDIA A100-PCIE-40GB MIG 2g.10gb,bert-base-uncased,8,256,bf16,hf,11.8906,11.8891,11.9133,270.17,306.00,9354.94,9354.94
MIG-1a75a8f0-faee-5efd-9beb-dac65af9c0b5,NVIDIA A100-PCIE-40GB MIG 2g.10gb,bert-base-uncased,8,512,bf16,hf,23.2578,23.2533,23.2711,315.22,378.00,9354.94,9282.94
MIG-1a75a8f0-faee-5efd-9beb-dac65af9c0b5,NVIDIA A100-PCIE-40GB MIG 2g.10gb,bert-base-uncased,16,16,bf16,hf,5.8653,5.8170,6.0460,230.76,378.00,9282.94,9282.94
MIG-1a75a8f0-faee-5efd-9beb-dac65af9c0b5,NVIDIA A100-PCIE-40GB MIG 2g.10gb,bert-base-uncased,16,32,bf16,hf,5.9435,5.9551,6.0401,236.39,378.00,9282.94,9282.94
MIG-1a75a8f0-faee-5efd-9beb-dac65af9c0b5,NVIDIA A100-PCIE-40GB MIG 2g.10gb,bert-base-uncased,16,64,bf16,hf,6.5468,6.5425,6.5838,247.65,378.00,9282.94,9282.94
MIG-1a75a8f0-faee-5efd-9beb-dac65af9c0b5,NVIDIA A100-PCIE-40GB MIG 2g.10gb,bert-base-uncased,16,128,bf16,hf,11.8060,11.7883,11.8148,270.17,378.00,9282.94,9282.94
MIG-1a75a8f0-faee-5efd-9beb-dac65af9c0b5,NVIDIA A100-PCIE-40GB MIG 2g.10gb,bert-base-uncased,16,256,bf16,hf,22.6204,22.6166,22.6495,315.22,378.00,9282.94,9282.94
MIG-1a75a8f0-faee-5efd-9beb-dac65af9c0b5,NVIDIA A100-PCIE-40GB MIG 2g.10gb,bert-base-uncased,16,512,bf16,hf,44.6687,44.6556,44.7463,405.31,522.00,9282.94,9138.94
MIG-1a75a8f0-faee-5efd-9beb-dac65af9c0b5,NVIDIA A100-PCIE-40GB MIG 2g.10gb,bert-base-uncased,32,16,bf16,hf,5.9282,5.9145,6.0624,236.39,522.00,9138.94,9138.94
MIG-1a75a8f0-faee-5efd-9beb-dac65af9c0b5,NVIDIA A100-PCIE-40GB MIG 2g.10gb,bert-base-uncased,32,32,bf16,hf,6.7924,6.7899,6.8161,247.65,522.00,9138.94,9138.94
MIG-1a75a8f0-faee-5efd-9beb-dac65af9c0b5,NVIDIA A100-PCIE-40GB MIG 2g.10gb,bert-base-uncased,32,64,bf16,hf,12.0297,12.0264,12.0450,270.17,522.00,9138.94,9138.94
MIG-1a75a8f0-faee-5efd-9beb-dac65af9c0b5,NVIDIA A100-PCIE-40GB MIG 2g.10gb,bert-base-uncased,32,128,bf16,hf,22.4310,22.4377,22.4682,315.22,522.00,9138.94,9138.94
MIG-1a75a8f0-faee-5efd-9beb-dac65af9c0b5,NVIDIA A100-PCIE-40GB MIG 2g.10gb,bert-base-uncased,32,256,bf16,hf,43.2944,43.2724,43.3652,405.31,522.00,9138.94,9138.94
MIG-1a75a8f0-faee-5efd-9beb-dac65af9c0b5,NVIDIA A100-PCIE-40GB MIG 2g.10gb,bert-base-uncased,32,512,bf16,hf,86.8143,86.8143,86.8458,585.50,858.00,9138.94,8802.94
MIG-7aafc298-b386-508f-80b7-938481c587bc,NVIDIA A100-PCIE-40GB MIG 4g.20gb,bert-base-uncased,1,16,bf16,hf,5.9787,5.9746,6.0983,225.48,230.00,19456.94,19398.94
MIG-7aafc298-b386-508f-80b7-938481c587bc,NVIDIA A100-PCIE-40GB MIG 4g.20gb,bert-base-uncased,1,32,bf16,hf,6.0736,6.0881,6.1686,225.83,230.00,19398.94,19398.94
MIG-7aafc298-b386-508f-80b7-938481c587bc,NVIDIA A100-PCIE-40GB MIG 4g.20gb,bert-base-uncased,1,64,bf16,hf,6.0172,6.0056,6.1729,226.53,232.00,19398.94,19396.94
MIG-7aafc298-b386-508f-80b7-938481c587bc,NVIDIA A100-PCIE-40GB MIG 4g.20gb,bert-base-uncased,1,128,bf16,hf,6.0663,6.0748,6.1720,227.94,232.00,19396.94,19396.94
MIG-7aafc298-b386-508f-80b7-938481c587bc,NVIDIA A100-PCIE-40GB MIG 4g.20gb,bert-base-uncased,1,256,bf16,hf,5.9268,5.8976,6.0641,230.76,254.00,19396.94,19374.94
MIG-7aafc298-b386-508f-80b7-938481c587bc,NVIDIA A100-PCIE-40GB MIG 4g.20gb,bert-base-uncased,1,512,bf16,hf,5.9730,5.9621,6.1366,236.39,254.00,19374.94,19374.94
MIG-7aafc298-b386-508f-80b7-938481c587bc,NVIDIA A100-PCIE-40GB MIG 4g.20gb,bert-base-uncased,2,16,bf16,hf,6.2538,6.1541,6.3253,225.83,254.00,19374.94,19374.94
MIG-7aafc298-b386-508f-80b7-938481c587bc,NVIDIA A100-PCIE-40GB MIG 4g.20gb,bert-base-uncased,2,32,bf16,hf,6.1920,6.1028,6.4972,226.53,254.00,19374.94,19374.94
MIG-7aafc298-b386-508f-80b7-938481c587bc,NVIDIA A100-PCIE-40GB MIG 4g.20gb,bert-base-uncased,2,64,bf16,hf,6.2121,6.0911,6.5473,227.94,254.00,19374.94,19374.94
MIG-7aafc298-b386-508f-80b7-938481c587bc,NVIDIA A100-PCIE-40GB MIG 4g.20gb,bert-base-uncased,2,128,bf16,hf,5.9376,5.9321,6.0526,230.76,254.00,19374.94,19374.94
MIG-7aafc298-b386-508f-80b7-938481c587bc,NVIDIA A100-PCIE-40GB MIG 4g.20gb,bert-base-uncased,2,256,bf16,hf,5.9672,5.9523,6.0711,236.39,254.00,19374.94,19374.94
MIG-7aafc298-b386-508f-80b7-938481c587bc,NVIDIA A100-PCIE-40GB MIG 4g.20gb,bert-base-uncased,2,512,bf16,hf,6.3845,6.1900,6.7740,247.65,274.00,19374.94,19354.94
MIG-7aafc298-b386-508f-80b7-938481c587bc,NVIDIA A100-PCIE-40GB MIG 4g.20gb,bert-base-uncased,4,16,bf16,hf,6.0086,5.9787,6.0844,226.53,274.00,19354.94,19354.94
MIG-7aafc298-b386-508f-80b7-938481c587bc,NVIDIA A100-PCIE-40GB MIG 4g.20gb,bert-base-uncased,4,32,bf16,hf,6.3230,6.2452,6.6048,227.94,274.00,19354.94,19354.94
MIG-7aafc298-b386-508f-80b7-938481c587bc,NVIDIA A100-PCIE-40GB MIG 4g.20gb,bert-base-uncased,4,64,bf16,hf,6.3058,6.2866,6.5937,230.76,274.00,19354.94,19354.94
MIG-7aafc298-b386-508f-80b7-938481c587bc,NVIDIA A100-PCIE-40GB MIG 4g.20gb,bert-base-uncased,4,128,bf16,hf,5.9437,5.9355,6.0328,236.39,274.00,19354.94,19354.94
MIG-7aafc298-b386-508f-80b7-938481c587bc,NVIDIA A100-PCIE-40GB MIG 4g.20gb,bert-base-uncased,4,256,bf16,hf,6.0813,6.0927,6.2532,247.65,274.00,19354.94,19354.94
MIG-7aafc298-b386-508f-80b7-938481c587bc,NVIDIA A100-PCIE-40GB MIG 4g.20gb,bert-base-uncased,4,512,bf16,hf,6.5903,6.5889,6.6198,270.17,306.00,19354.94,19322.94
MIG-7aafc298-b386-508f-80b7-938481c587bc,NVIDIA A100-PCIE-40GB MIG 4g.20gb,bert-base-uncased,8,16,bf16,hf,5.9848,5.9735,6.1495,227.94,306.00,19322.94,19322.94
MIG-7aafc298-b386-508f-80b7-938481c587bc,NVIDIA A100-PCIE-40GB MIG 4g.20gb,bert-base-uncased,8,32,bf16,hf,6.0355,6.0059,6.1918,230.76,306.00,19322.94,19322.94
MIG-7aafc298-b386-508f-80b7-938481c587bc,NVIDIA A100-PCIE-40GB MIG 4g.20gb,bert-base-uncased,8,64,bf16,hf,5.9345,5.9391,6.0342,236.39,306.00,19322.94,19322.94
MIG-7aafc298-b386-508f-80b7-938481c587bc,NVIDIA A100-PCIE-40GB MIG 4g.20gb,bert-base-uncased,8,128,bf16,hf,6.0660,6.0545,6.2019,247.65,306.00,19322.94,19322.94
MIG-7aafc298-b386-508f-80b7-938481c587bc,NVIDIA A100-PCIE-40GB MIG 4g.20gb,bert-base-uncased,8,256,bf16,hf,6.4506,6.4203,6.4519,270.17,306.00,19322.94,19322.94
MIG-7aafc298-b386-508f-80b7-938481c587bc,NVIDIA A100-PCIE-40GB MIG 4g.20gb,bert-base-uncased,8,512,bf16,hf,11.9943,11.9950,12.0086,315.22,378.00,19322.94,19250.94
MIG-7aafc298-b386-508f-80b7-938481c587bc,NVIDIA A100-PCIE-40GB MIG 4g.20gb,bert-base-uncased,16,16,bf16,hf,5.8445,5.8333,5.9560,230.76,378.00,19250.94,19250.94
MIG-7aafc298-b386-508f-80b7-938481c587bc,NVIDIA A100-PCIE-40GB MIG 4g.20gb,bert-base-uncased,16,32,bf16,hf,5.8543,5.8263,6.0385,236.39,378.00,19250.94,19250.94
MIG-7aafc298-b386-508f-80b7-938481c587bc,NVIDIA A100-PCIE-40GB MIG 4g.20gb,bert-base-uncased,16,64,bf16,hf,6.1071,6.0229,6.1792,247.65,378.00,19250.94,19250.94
MIG-7aafc298-b386-508f-80b7-938481c587bc,NVIDIA A100-PCIE-40GB MIG 4g.20gb,bert-base-uncased,16,128,bf16,hf,6.4998,6.4245,6.7896,270.17,378.00,19250.94,19250.94
MIG-7aafc298-b386-508f-80b7-938481c587bc,NVIDIA A100-PCIE-40GB MIG 4g.20gb,bert-base-uncased,16,256,bf16,hf,11.6921,11.6925,11.7072,315.22,378.00,19250.94,19250.94
MIG-7aafc298-b386-508f-80b7-938481c587bc,NVIDIA A100-PCIE-40GB MIG 4g.20gb,bert-base-uncased,16,512,bf16,hf,23.2878,23.2842,23.3183,405.31,522.00,19250.94,19106.94
MIG-7aafc298-b386-508f-80b7-938481c587bc,NVIDIA A100-PCIE-40GB MIG 4g.20gb,bert-base-uncased,32,16,bf16,hf,5.8779,5.8767,5.9833,236.39,522.00,19106.94,19106.94
MIG-7aafc298-b386-508f-80b7-938481c587bc,NVIDIA A100-PCIE-40GB MIG 4g.20gb,bert-base-uncased,32,32,bf16,hf,5.9754,5.9921,6.1212,247.65,522.00,19106.94,19106.94
MIG-7aafc298-b386-508f-80b7-938481c587bc,NVIDIA A100-PCIE-40GB MIG 4g.20gb,bert-base-uncased,32,64,bf16,hf,6.4803,6.4668,6.5113,270.17,522.00,19106.94,19106.94
MIG-7aafc298-b386-508f-80b7-938481c587bc,NVIDIA A100-PCIE-40GB MIG 4g.20gb,bert-base-uncased,32,128,bf16,hf,11.5837,11.5786,11.5972,315.22,522.00,19106.94,19106.94
MIG-7aafc298-b386-508f-80b7-938481c587bc,NVIDIA A100-PCIE-40GB MIG 4g.20gb,bert-base-uncased,32,256,bf16,hf,22.6305,22.6276,22.6480,405.31,522.00,19106.94,19106.94
MIG-7aafc298-b386-508f-80b7-938481c587bc,NVIDIA A100-PCIE-40GB MIG 4g.20gb,bert-base-uncased,32,512,bf16,hf,44.1381,44.1347,44.1479,585.50,858.00,19106.94,18770.94
MIG-a28fecf6-35ba-56a6-aab8-2be643b31249,NVIDIA A100-PCIE-40GB MIG 7g.40gb,bert-base-uncased,1,16,bf16,hf,6.0349,6.0057,6.1882,225.48,230.00,39622.50,39536.50
MIG-a28fecf6-35ba-56a6-aab8-2be643b31249,NVIDIA A100-PCIE-40GB MIG 7g.40gb,bert-base-uncased,1,32,bf16,hf,6.8604,6.8398,7.2165,225.83,230.00,39536.50,39536.50
MIG-a28fecf6-35ba-56a6-aab8-2be643b31249,NVIDIA A100-PCIE-40GB MIG 7g.40gb,bert-base-uncased,1,64,bf16,hf,6.0982,6.0648,6.2801,226.53,232.00,39536.50,39534.50
MIG-a28fecf6-35ba-56a6-aab8-2be643b31249,NVIDIA A100-PCIE-40GB MIG 7g.40gb,bert-base-uncased,1,128,bf16,hf,6.0894,6.0974,6.1906,227.94,232.00,39534.50,39534.50
MIG-a28fecf6-35ba-56a6-aab8-2be643b31249,NVIDIA A100-PCIE-40GB MIG 7g.40gb,bert-base-uncased,1,256,bf16,hf,5.9258,5.8938,6.0694,230.76,254.00,39534.50,39512.50
MIG-a28fecf6-35ba-56a6-aab8-2be643b31249,NVIDIA A100-PCIE-40GB MIG 7g.40gb,bert-base-uncased,1,512,bf16,hf,6.0287,5.9419,6.1287,236.39,254.00,39512.50,39512.50
MIG-a28fecf6-35ba-56a6-aab8-2be643b31249,NVIDIA A100-PCIE-40GB MIG 7g.40gb,bert-base-uncased,2,16,bf16,hf,6.2899,6.2920,6.4028,225.83,254.00,39512.50,39512.50
MIG-a28fecf6-35ba-56a6-aab8-2be643b31249,NVIDIA A100-PCIE-40GB MIG 7g.40gb,bert-base-uncased,2,32,bf16,hf,6.0681,6.0580,6.2255,226.53,254.00,39512.50,39512.50
MIG-a28fecf6-35ba-56a6-aab8-2be643b31249,NVIDIA A100-PCIE-40GB MIG 7g.40gb,bert-base-uncased,2,64,bf16,hf,6.1527,6.1402,6.2499,227.94,254.00,39512.50,39512.50
MIG-a28fecf6-35ba-56a6-aab8-2be643b31249,NVIDIA A100-PCIE-40GB MIG 7g.40gb,bert-base-uncased,2,128,bf16,hf,5.8950,5.8734,6.0775,230.76,254.00,39512.50,39512.50
MIG-a28fecf6-35ba-56a6-aab8-2be643b31249,NVIDIA A100-PCIE-40GB MIG 7g.40gb,bert-base-uncased,2,256,bf16,hf,5.8918,5.8772,6.0640,236.39,254.00,39512.50,39512.50
MIG-a28fecf6-35ba-56a6-aab8-2be643b31249,NVIDIA A100-PCIE-40GB MIG 7g.40gb,bert-base-uncased,2,512,bf16,hf,6.4609,6.4243,7.1324,247.65,274.00,39512.50,39492.50
MIG-a28fecf6-35ba-56a6-aab8-2be643b31249,NVIDIA A100-PCIE-40GB MIG 7g.40gb,bert-base-uncased,4,16,bf16,hf,6.0802,6.0688,6.2137,226.53,274.00,39492.50,39492.50
MIG-a28fecf6-35ba-56a6-aab8-2be643b31249,NVIDIA A100-PCIE-40GB MIG 7g.40gb,bert-base-uncased,4,32,bf16,hf,6.0919,6.1106,6.2134,227.94,274.00,39492.50,39492.50
MIG-a28fecf6-35ba-56a6-aab8-2be643b31249,NVIDIA A100-PCIE-40GB MIG 7g.40gb,bert-base-uncased,4,64,bf16,hf,5.8599,5.8795,5.9619,230.76,274.00,39492.50,39492.50
MIG-a28fecf6-35ba-56a6-aab8-2be643b31249,NVIDIA A100-PCIE-40GB MIG 7g.40gb,bert-base-uncased,4,128,bf16,hf,5.9914,5.9477,6.4549,236.39,274.00,39492.50,39492.50
MIG-a28fecf6-35ba-56a6-aab8-2be643b31249,NVIDIA A100-PCIE-40GB MIG 7g.40gb,bert-base-uncased,4,256,bf16,hf,6.0416,5.9204,6.1379,247.65,274.00,39492.50,39492.50
MIG-a28fecf6-35ba-56a6-aab8-2be643b31249,NVIDIA A100-PCIE-40GB MIG 7g.40gb,bert-base-uncased,4,512,bf16,hf,5.9398,5.9049,6.0577,270.17,306.00,39492.50,39460.50
MIG-a28fecf6-35ba-56a6-aab8-2be643b31249,NVIDIA A100-PCIE-40GB MIG 7g.40gb,bert-base-uncased,8,16,bf16,hf,6.0931,6.0475,6.2611,227.94,306.00,39460.50,39460.50
MIG-a28fecf6-35ba-56a6-aab8-2be643b31249,NVIDIA A100-PCIE-40GB MIG 7g.40gb,bert-base-uncased,8,32,bf16,hf,6.0505,5.9178,6.4520,230.76,306.00,39460.50,39460.50
MIG-a28fecf6-35ba-56a6-aab8-2be643b31249,NVIDIA A100-PCIE-40GB MIG 7g.40gb,bert-base-uncased,8,64,bf16,hf,5.8124,5.7862,5.9720,236.39,306.00,39460.50,39460.50
MIG-a28fecf6-35ba-56a6-aab8-2be643b31249,NVIDIA A100-PCIE-40GB MIG 7g.40gb,bert-base-uncased,8,128,bf16,hf,5.9766,5.9531,6.0831,247.65,306.00,39460.50,39460.50
MIG-a28fecf6-35ba-56a6-aab8-2be643b31249,NVIDIA A100-PCIE-40GB MIG 7g.40gb,bert-base-uncased,8,256,bf16,hf,6.0191,5.9758,6.2572,270.17,306.00,39460.50,39460.50
MIG-a28fecf6-35ba-56a6-aab8-2be643b31249,NVIDIA A100-PCIE-40GB MIG 7g.40gb,bert-base-uncased,8,512,bf16,hf,7.3828,7.3953,7.4230,315.22,378.00,39460.50,39388.50
MIG-a28fecf6-35ba-56a6-aab8-2be643b31249,NVIDIA A100-PCIE-40GB MIG 7g.40gb,bert-base-uncased,16,16,bf16,hf,5.9174,5.8735,6.1273,230.76,378.00,39388.50,39388.50
MIG-a28fecf6-35ba-56a6-aab8-2be643b31249,NVIDIA A100-PCIE-40GB MIG 7g.40gb,bert-base-uncased,16,32,bf16,hf,5.8789,5.8735,6.0378,236.39,378.00,39388.50,39388.50
MIG-a28fecf6-35ba-56a6-aab8-2be643b31249,NVIDIA A100-PCIE-40GB MIG 7g.40gb,bert-base-uncased,16,64,bf16,hf,5.8940,5.8876,6.0392,247.65,378.00,39388.50,39388.50
MIG-a28fecf6-35ba-56a6-aab8-2be643b31249,NVIDIA A100-PCIE-40GB MIG 7g.40gb,bert-base-uncased,16,128,bf16,hf,6.0383,6.0167,6.2029,270.17,378.00,39388.50,39388.50
MIG-a28fecf6-35ba-56a6-aab8-2be643b31249,NVIDIA A100-PCIE-40GB MIG 7g.40gb,bert-base-uncased,16,256,bf16,hf,7.1288,7.1309,7.1589,315.22,378.00,39388.50,39388.50
MIG-a28fecf6-35ba-56a6-aab8-2be643b31249,NVIDIA A100-PCIE-40GB MIG 7g.40gb,bert-base-uncased,16,512,bf16,hf,14.4225,14.3765,14.5371,405.31,522.00,39388.50,39244.50
MIG-a28fecf6-35ba-56a6-aab8-2be643b31249,NVIDIA A100-PCIE-40GB MIG 7g.40gb,bert-base-uncased,32,16,bf16,hf,6.0295,5.9634,6.1484,236.39,522.00,39244.50,39244.50
MIG-a28fecf6-35ba-56a6-aab8-2be643b31249,NVIDIA A100-PCIE-40GB MIG 7g.40gb,bert-base-uncased,32,32,bf16,hf,6.1472,6.0446,6.5190,247.65,522.00,39244.50,39244.50
MIG-a28fecf6-35ba-56a6-aab8-2be643b31249,NVIDIA A100-PCIE-40GB MIG 7g.40gb,bert-base-uncased,32,64,bf16,hf,6.0738,6.1016,6.2308,270.17,522.00,39244.50,39244.50
MIG-a28fecf6-35ba-56a6-aab8-2be643b31249,NVIDIA A100-PCIE-40GB MIG 7g.40gb,bert-base-uncased,32,128,bf16,hf,7.0584,7.0352,7.1537,315.22,522.00,39244.50,39244.50
MIG-a28fecf6-35ba-56a6-aab8-2be643b31249,NVIDIA A100-PCIE-40GB MIG 7g.40gb,bert-base-uncased,32,256,bf16,hf,13.9776,13.9547,14.1147,405.31,522.00,39244.50,39244.50
MIG-a28fecf6-35ba-56a6-aab8-2be643b31249,NVIDIA A100-PCIE-40GB MIG 7g.40gb,bert-base-uncased,32,512,bf16,hf,28.0745,27.9855,28.2893,585.50,858.00,39244.50,38908.50